image_name,class
airplane_0000.jpg,airplane
airplane_0001.jpg,airplane
airplane_0002.jpg,airplane
airplane_0003.jpg,airplane
airplane_0004.jpg,airplane
airplane_0005.jpg,airplane
airplane_0006.jpg,airplane
airplane_0007.jpg,airplane
airplane_0008.jpg,airplane
airplane_0009.jpg,airplane
airplane_0010.jpg,airplane
airplane_0011.jpg,airplane
airplane_0012.jpg,airplane
airplane_0013.jpg,airplane
airplane_0014.jpg,airplane
airplane_0015.jpg,airplane
airplane_0016.jpg,airplane
airplane_0017.jpg,airplane
airplane_0018.jpg,airplane
airplane_0019.jpg,airplane
airplane_0020.jpg,airplane
airplane_0021.jpg,airplane
airplane_0022.jpg,airplane
airplane_0023.jpg,airplane
airplane_0024.jpg,airplane
airplane_0025.jpg,airplane
airplane_0026.jpg,airplane
airplane_0027.jpg,airplane
airplane_0028.jpg,airplane
airplane_0029.jpg,airplane
airplane_0030.jpg,airplane
airplane_0031.jpg,airplane
airplane_0032.jpg,flower
airplane_0033.jpg,airplane
airplane_0034.jpg,airplane
airplane_0035.jpg,airplane
airplane_0036.jpg,airplane
airplane_0037.jpg,airplane
airplane_0038.jpg,airplane
airplane_0039.jpg,airplane
airplane_0040.jpg,airplane
airplane_0041.jpg,airplane
airplane_0042.jpg,airplane
airplane_0043.jpg,airplane
airplane_0044.jpg,airplane
airplane_0045.jpg,airplane
airplane_0046.jpg,airplane
airplane_0047.jpg,airplane
airplane_0048.jpg,airplane
airplane_0049.jpg,airplane
airplane_0050.jpg,airplane
airplane_0051.jpg,airplane
airplane_0052.jpg,airplane
airplane_0053.jpg,airplane
airplane_0054.jpg,airplane
airplane_0055.jpg,airplane
airplane_0056.jpg,airplane
airplane_0057.jpg,airplane
airplane_0058.jpg,airplane
airplane_0059.jpg,airplane
airplane_0060.jpg,airplane
airplane_0061.jpg,airplane
airplane_0062.jpg,airplane
airplane_0063.jpg,airplane
airplane_0064.jpg,airplane
airplane_0065.jpg,airplane
airplane_0066.jpg,airplane
airplane_0067.jpg,airplane
airplane_0068.jpg,airplane
airplane_0069.jpg,airplane
airplane_0070.jpg,airplane
airplane_0071.jpg,airplane
airplane_0072.jpg,airplane
airplane_0073.jpg,airplane
airplane_0074.jpg,airplane
airplane_0075.jpg,airplane
airplane_0076.jpg,airplane
airplane_0077.jpg,airplane
airplane_0078.jpg,airplane
airplane_0079.jpg,airplane
airplane_0080.jpg,airplane
airplane_0081.jpg,airplane
airplane_0082.jpg,airplane
airplane_0083.jpg,airplane
airplane_0084.jpg,airplane
airplane_0085.jpg,airplane
airplane_0086.jpg,airplane
airplane_0087.jpg,airplane
airplane_0088.jpg,airplane
airplane_0089.jpg,airplane
airplane_0090.jpg,airplane
airplane_0091.jpg,airplane
airplane_0092.jpg,airplane
airplane_0093.jpg,airplane
airplane_0094.jpg,airplane
airplane_0095.jpg,airplane
airplane_0096.jpg,airplane
airplane_0097.jpg,airplane
airplane_0098.jpg,airplane
airplane_0099.jpg,airplane
airplane_0100.jpg,airplane
car_0000.jpg,car
car_0001.jpg,car
car_0002.jpg,car
car_0003.jpg,car
car_0004.jpg,car
car_0005.jpg,car
car_0006.jpg,car
car_0007.jpg,car
car_0008.jpg,car
car_0009.jpg,car
car_0010.jpg,car
car_0011.jpg,car
car_0012.jpg,car
car_0013.jpg,car
car_0014.jpg,car
car_0015.jpg,car
car_0016.jpg,car
car_0017.jpg,car
car_0018.jpg,car
car_0019.jpg,car
car_0020.jpg,car
car_0021.jpg,car
car_0022.jpg,car
car_0023.jpg,car
car_0024.jpg,car
car_0025.jpg,car
car_0026.jpg,car
car_0027.jpg,car
car_0028.jpg,car
car_0029.jpg,car
car_0030.jpg,car
car_0031.jpg,car
car_0032.jpg,car
car_0033.jpg,car
car_0034.jpg,car
car_0035.jpg,car
car_0036.jpg,car
car_0037.jpg,car
car_0038.jpg,car
car_0039.jpg,car
car_0040.jpg,car
car_0041.jpg,car
car_0042.jpg,car
car_0043.jpg,car
car_0044.jpg,car
car_0045.jpg,car
car_0046.jpg,car
car_0047.jpg,car
car_0048.jpg,car
car_0049.jpg,car
car_0050.jpg,car
car_0051.jpg,car
car_0052.jpg,car
car_0053.jpg,car
car_0054.jpg,car
car_0055.jpg,car
car_0056.jpg,car
car_0057.jpg,car
car_0058.jpg,car
car_0059.jpg,car
car_0060.jpg,car
car_0061.jpg,car
car_0062.jpg,car
car_0063.jpg,car
car_0064.jpg,car
car_0065.jpg,car
car_0066.jpg,car
car_0067.jpg,car
car_0068.jpg,car
car_0069.jpg,car
car_0070.jpg,car
car_0071.jpg,car
car_0072.jpg,car
car_0073.jpg,car
car_0074.jpg,car
car_0075.jpg,car
car_0076.jpg,car
car_0077.jpg,car
car_0078.jpg,car
car_0079.jpg,car
car_0080.jpg,car
car_0081.jpg,car
car_0082.jpg,car
car_0083.jpg,car
car_0084.jpg,car
car_0085.jpg,car
car_0086.jpg,car
car_0087.jpg,car
car_0088.jpg,car
car_0089.jpg,car
car_0090.jpg,car
car_0091.jpg,car
car_0092.jpg,car
car_0093.jpg,car
car_0094.jpg,car
car_0095.jpg,car
car_0096.jpg,car
car_0097.jpg,car
car_0098.jpg,car
car_0099.jpg,car
car_0100.jpg,car
cat_0000.jpg,cat
cat_0001.jpg,fruit
cat_0002.jpg,cat
cat_0003.jpg,cat
cat_0004.jpg,cat
cat_0005.jpg,cat
cat_0006.jpg,cat
cat_0007.jpg,cat
cat_0008.jpg,cat
cat_0009.jpg,cat
cat_0010.jpg,cat
cat_0011.jpg,cat
cat_0012.jpg,cat
cat_0013.jpg,cat
cat_0014.jpg,cat
cat_0015.jpg,cat
cat_0016.jpg,cat
cat_0017.jpg,cat
cat_0018.jpg,cat
cat_0019.jpg,cat
cat_0020.jpg,cat
cat_0021.jpg,cat
cat_0022.jpg,cat
cat_0023.jpg,cat
cat_0024.jpg,cat
cat_0025.jpg,cat
cat_0026.jpg,cat
cat_0027.jpg,cat
cat_0028.jpg,cat
cat_0029.jpg,cat
cat_0030.jpg,cat
cat_0031.jpg,cat
cat_0032.jpg,cat
cat_0033.jpg,cat
cat_0034.jpg,cat
cat_0035.jpg,cat
cat_0036.jpg,cat
cat_0037.jpg,cat
cat_0038.jpg,cat
cat_0039.jpg,cat
cat_0040.jpg,cat
cat_0041.jpg,cat
cat_0042.jpg,cat
cat_0043.jpg,cat
cat_0044.jpg,cat
cat_0045.jpg,cat
cat_0046.jpg,cat
cat_0047.jpg,cat
cat_0048.jpg,cat
cat_0049.jpg,cat
cat_0050.jpg,cat
cat_0051.jpg,cat
cat_0052.jpg,cat
cat_0053.jpg,cat
cat_0054.jpg,cat
cat_0055.jpg,cat
cat_0056.jpg,cat
cat_0057.jpg,cat
cat_0058.jpg,cat
cat_0059.jpg,cat
cat_0060.jpg,cat
cat_0061.jpg,cat
cat_0062.jpg,cat
cat_0063.jpg,cat
cat_0064.jpg,cat
cat_0065.jpg,cat
cat_0066.jpg,cat
cat_0067.jpg,cat
cat_0068.jpg,cat
cat_0069.jpg,cat
cat_0070.jpg,cat
cat_0071.jpg,cat
cat_0072.jpg,cat
cat_0073.jpg,cat
cat_0074.jpg,cat
cat_0075.jpg,cat
cat_0076.jpg,cat
cat_0077.jpg,cat
cat_0078.jpg,cat
cat_0079.jpg,cat
cat_0080.jpg,cat
cat_0081.jpg,cat
cat_0082.jpg,cat
cat_0083.jpg,cat
cat_0084.jpg,cat
cat_0085.jpg,cat
cat_0086.jpg,cat
cat_0087.jpg,cat
cat_0088.jpg,cat
cat_0089.jpg,cat
cat_0090.jpg,cat
cat_0091.jpg,cat
cat_0092.jpg,cat
cat_0093.jpg,cat
cat_0094.jpg,cat
cat_0095.jpg,cat
cat_0096.jpg,cat
cat_0097.jpg,cat
cat_0098.jpg,cat
cat_0099.jpg,cat
cat_0100.jpg,cat
dog_0000.jpg,dog
dog_0001.jpg,dog
dog_0002.jpg,dog
dog_0003.jpg,dog
dog_0004.jpg,dog
dog_0005.jpg,dog
dog_0006.jpg,dog
dog_0007.jpg,dog
dog_0008.jpg,dog
dog_0009.jpg,dog
dog_0010.jpg,dog
dog_0011.jpg,dog
dog_0012.jpg,dog
dog_0013.jpg,dog
dog_0014.jpg,dog
dog_0015.jpg,dog
dog_0016.jpg,dog
dog_0017.jpg,dog
dog_0018.jpg,dog
dog_0019.jpg,dog
dog_0020.jpg,dog
dog_0021.jpg,dog
dog_0022.jpg,dog
dog_0023.jpg,dog
dog_0024.jpg,dog
dog_0025.jpg,dog
dog_0026.jpg,dog
dog_0027.jpg,dog
dog_0028.jpg,dog
dog_0029.jpg,dog
dog_0030.jpg,dog
dog_0031.jpg,dog
dog_0032.jpg,dog
dog_0033.jpg,dog
dog_0034.jpg,dog
dog_0035.jpg,dog
dog_0036.jpg,dog
dog_0037.jpg,dog
dog_0038.jpg,dog
dog_0039.jpg,dog
dog_0040.jpg,dog
dog_0041.jpg,dog
dog_0042.jpg,dog
dog_0043.jpg,dog
dog_0044.jpg,dog
dog_0045.jpg,dog
dog_0046.jpg,dog
dog_0047.jpg,dog
dog_0048.jpg,dog
dog_0049.jpg,dog
dog_0050.jpg,dog
dog_0051.jpg,dog
dog_0052.jpg,dog
dog_0053.jpg,dog
dog_0054.jpg,dog
dog_0055.jpg,dog
dog_0056.jpg,dog
dog_0057.jpg,dog
dog_0058.jpg,dog
dog_0059.jpg,dog
dog_0060.jpg,dog
dog_0061.jpg,dog
dog_0062.jpg,dog
dog_0063.jpg,dog
dog_0064.jpg,dog
dog_0065.jpg,dog
dog_0066.jpg,dog
dog_0067.jpg,dog
dog_0068.jpg,dog
dog_0069.jpg,dog
dog_0070.jpg,dog
dog_0071.jpg,dog
dog_0072.jpg,dog
dog_0073.jpg,dog
dog_0074.jpg,dog
dog_0075.jpg,dog
dog_0076.jpg,dog
dog_0077.jpg,dog
dog_0078.jpg,dog
dog_0079.jpg,dog
dog_0080.jpg,dog
dog_0081.jpg,dog
dog_0082.jpg,dog
dog_0083.jpg,dog
dog_0084.jpg,dog
dog_0085.jpg,dog
dog_0086.jpg,dog
dog_0087.jpg,dog
dog_0088.jpg,dog
dog_0089.jpg,dog
dog_0090.jpg,dog
dog_0091.jpg,dog
dog_0092.jpg,dog
dog_0093.jpg,dog
dog_0094.jpg,dog
dog_0095.jpg,dog
dog_0096.jpg,dog
dog_0097.jpg,dog
dog_0098.jpg,dog
dog_0099.jpg,dog
dog_0100.jpg,dog
flower_0000.jpg,flower
flower_0001.jpg,flower
flower_0002.jpg,flower
flower_0003.jpg,flower
flower_0004.jpg,flower
flower_0005.jpg,flower
flower_0006.jpg,flower
flower_0007.jpg,flower
flower_0008.jpg,flower
flower_0009.jpg,flower
flower_0010.jpg,flower
flower_0011.jpg,flower
flower_0012.jpg,flower
flower_0013.jpg,flower
flower_0014.jpg,flower
flower_0015.jpg,flower
flower_0016.jpg,flower
flower_0017.jpg,flower
flower_0018.jpg,flower
flower_0019.jpg,flower
flower_0020.jpg,flower
flower_0021.jpg,flower
flower_0022.jpg,flower
flower_0023.jpg,flower
flower_0024.jpg,flower
flower_0025.jpg,flower
flower_0026.jpg,flower
flower_0027.jpg,flower
flower_0028.jpg,flower
flower_0029.jpg,flower
flower_0030.jpg,flower
flower_0031.jpg,flower
flower_0032.jpg,flower
flower_0033.jpg,flower
flower_0034.jpg,flower
flower_0035.jpg,flower
flower_0036.jpg,flower
flower_0037.jpg,flower
flower_0038.jpg,flower
flower_0039.jpg,flower
flower_0040.jpg,flower
flower_0041.jpg,flower
flower_0042.jpg,flower
flower_0043.jpg,flower
flower_0044.jpg,flower
flower_0045.jpg,flower
flower_0046.jpg,flower
flower_0047.jpg,flower
flower_0048.jpg,flower
flower_0049.jpg,flower
flower_0050.jpg,flower
flower_0051.jpg,flower
flower_0052.jpg,flower
flower_0053.jpg,flower
flower_0054.jpg,flower
flower_0055.jpg,flower
flower_0056.jpg,flower
flower_0057.jpg,flower
flower_0058.jpg,flower
flower_0059.jpg,flower
flower_0060.jpg,flower
flower_0061.jpg,flower
flower_0062.jpg,flower
flower_0063.jpg,flower
flower_0064.jpg,flower
flower_0065.jpg,flower
flower_0066.jpg,flower
flower_0067.jpg,flower
flower_0068.jpg,flower
flower_0069.jpg,flower
flower_0070.jpg,flower
flower_0071.jpg,flower
flower_0072.jpg,flower
flower_0073.jpg,flower
flower_0074.jpg,flower
flower_0075.jpg,flower
flower_0076.jpg,flower
flower_0077.jpg,flower
flower_0078.jpg,flower
flower_0079.jpg,flower
flower_0080.jpg,flower
flower_0081.jpg,flower
flower_0082.jpg,flower
flower_0083.jpg,flower
flower_0084.jpg,flower
flower_0085.jpg,flower
flower_0086.jpg,flower
flower_0087.jpg,flower
flower_0088.jpg,flower
flower_0089.jpg,flower
flower_0090.jpg,flower
flower_0091.jpg,flower
flower_0092.jpg,flower
flower_0093.jpg,flower
flower_0094.jpg,flower
flower_0095.jpg,flower
flower_0096.jpg,flower
flower_0097.jpg,flower
flower_0098.jpg,flower
flower_0099.jpg,flower
flower_0100.jpg,flower
fruit_0000.jpg,fruit
fruit_0001.jpg,fruit
fruit_0002.jpg,fruit
fruit_0003.jpg,fruit
fruit_0004.jpg,fruit
fruit_0005.jpg,fruit
fruit_0006.jpg,fruit
fruit_0007.jpg,fruit
fruit_0008.jpg,fruit
fruit_0009.jpg,fruit
fruit_0010.jpg,fruit
fruit_0011.jpg,fruit
fruit_0012.jpg,fruit
fruit_0013.jpg,fruit
fruit_0014.jpg,fruit
fruit_0015.jpg,fruit
fruit_0016.jpg,fruit
fruit_0017.jpg,fruit
fruit_0018.jpg,fruit
fruit_0019.jpg,fruit
fruit_0020.jpg,fruit
fruit_0021.jpg,fruit
fruit_0022.jpg,fruit
fruit_0023.jpg,fruit
fruit_0024.jpg,fruit
fruit_0025.jpg,fruit
fruit_0026.jpg,fruit
fruit_0027.jpg,fruit
fruit_0028.jpg,fruit
fruit_0029.jpg,fruit
fruit_0030.jpg,fruit
fruit_0031.jpg,fruit
fruit_0032.jpg,fruit
fruit_0033.jpg,fruit
fruit_0034.jpg,fruit
fruit_0035.jpg,fruit
fruit_0036.jpg,fruit
fruit_0037.jpg,fruit
fruit_0038.jpg,fruit
fruit_0039.jpg,fruit
fruit_0040.jpg,fruit
fruit_0041.jpg,fruit
fruit_0042.jpg,fruit
fruit_0043.jpg,fruit
fruit_0044.jpg,fruit
fruit_0045.jpg,fruit
fruit_0046.jpg,fruit
fruit_0047.jpg,fruit
fruit_0048.jpg,fruit
fruit_0049.jpg,fruit
fruit_0050.jpg,fruit
fruit_0051.jpg,fruit
fruit_0052.jpg,fruit
fruit_0053.jpg,fruit
fruit_0054.jpg,fruit
fruit_0055.jpg,fruit
fruit_0056.jpg,fruit
fruit_0057.jpg,fruit
fruit_0058.jpg,fruit
fruit_0059.jpg,fruit
fruit_0060.jpg,fruit
fruit_0061.jpg,fruit
fruit_0062.jpg,fruit
fruit_0063.jpg,fruit
fruit_0064.jpg,fruit
fruit_0065.jpg,fruit
fruit_0066.jpg,fruit
fruit_0067.jpg,fruit
fruit_0068.jpg,fruit
fruit_0069.jpg,fruit
fruit_0070.jpg,fruit
fruit_0071.jpg,fruit
fruit_0072.jpg,fruit
fruit_0073.jpg,fruit
fruit_0074.jpg,fruit
fruit_0075.jpg,fruit
fruit_0076.jpg,fruit
fruit_0077.jpg,fruit
fruit_0078.jpg,fruit
fruit_0079.jpg,fruit
fruit_0080.jpg,fruit
fruit_0081.jpg,fruit
fruit_0082.jpg,fruit
fruit_0083.jpg,fruit
fruit_0084.jpg,fruit
fruit_0085.jpg,fruit
fruit_0086.jpg,fruit
fruit_0087.jpg,fruit
fruit_0088.jpg,fruit
fruit_0089.jpg,fruit
fruit_0090.jpg,fruit
fruit_0091.jpg,fruit
fruit_0092.jpg,fruit
fruit_0093.jpg,fruit
fruit_0094.jpg,fruit
fruit_0095.jpg,fruit
fruit_0096.jpg,fruit
fruit_0097.jpg,fruit
fruit_0098.jpg,fruit
fruit_0099.jpg,fruit
fruit_0100.jpg,fruit
motorbike_0000.jpg,motorbike
motorbike_0001.jpg,motorbike
motorbike_0002.jpg,motorbike
motorbike_0003.jpg,motorbike
motorbike_0004.jpg,motorbike
motorbike_0005.jpg,motorbike
motorbike_0006.jpg,motorbike
motorbike_0007.jpg,motorbike
motorbike_0008.jpg,motorbike
motorbike_0009.jpg,motorbike
motorbike_0010.jpg,motorbike
motorbike_0011.jpg,motorbike
motorbike_0012.jpg,motorbike
motorbike_0013.jpg,motorbike
motorbike_0014.jpg,motorbike
motorbike_0015.jpg,motorbike
motorbike_0016.jpg,motorbike
motorbike_0017.jpg,motorbike
motorbike_0018.jpg,motorbike
motorbike_0019.jpg,motorbike
motorbike_0020.jpg,motorbike
motorbike_0021.jpg,motorbike
motorbike_0022.jpg,motorbike
motorbike_0023.jpg,motorbike
motorbike_0024.jpg,motorbike
motorbike_0025.jpg,motorbike
motorbike_0026.jpg,motorbike
motorbike_0027.jpg,motorbike
motorbike_0028.jpg,motorbike
motorbike_0029.jpg,motorbike
motorbike_0030.jpg,motorbike
motorbike_0031.jpg,motorbike
motorbike_0032.jpg,motorbike
motorbike_0033.jpg,motorbike
motorbike_0034.jpg,motorbike
motorbike_0035.jpg,motorbike
motorbike_0036.jpg,motorbike
motorbike_0037.jpg,motorbike
motorbike_0038.jpg,motorbike
motorbike_0039.jpg,motorbike
motorbike_0040.jpg,motorbike
motorbike_0041.jpg,motorbike
motorbike_0042.jpg,motorbike
motorbike_0043.jpg,motorbike
motorbike_0044.jpg,motorbike
motorbike_0045.jpg,motorbike
motorbike_0046.jpg,motorbike
motorbike_0047.jpg,motorbike
motorbike_0048.jpg,motorbike
motorbike_0049.jpg,motorbike
motorbike_0050.jpg,motorbike
motorbike_0051.jpg,motorbike
motorbike_0052.jpg,motorbike
motorbike_0053.jpg,motorbike
motorbike_0054.jpg,motorbike
motorbike_0055.jpg,motorbike
motorbike_0056.jpg,motorbike
motorbike_0057.jpg,motorbike
motorbike_0058.jpg,motorbike
motorbike_0059.jpg,motorbike
motorbike_0060.jpg,motorbike
motorbike_0061.jpg,motorbike
motorbike_0062.jpg,motorbike
motorbike_0063.jpg,motorbike
motorbike_0064.jpg,motorbike
motorbike_0065.jpg,motorbike
motorbike_0066.jpg,motorbike
motorbike_0067.jpg,motorbike
motorbike_0068.jpg,motorbike
motorbike_0069.jpg,motorbike
motorbike_0070.jpg,motorbike
motorbike_0071.jpg,motorbike
motorbike_0072.jpg,motorbike
motorbike_0073.jpg,motorbike
motorbike_0074.jpg,motorbike
motorbike_0075.jpg,motorbike
motorbike_0076.jpg,motorbike
motorbike_0077.jpg,motorbike
motorbike_0078.jpg,motorbike
motorbike_0079.jpg,motorbike
motorbike_0080.jpg,motorbike
motorbike_0081.jpg,motorbike
motorbike_0082.jpg,motorbike
motorbike_0083.jpg,motorbike
motorbike_0084.jpg,motorbike
motorbike_0085.jpg,motorbike
motorbike_0086.jpg,motorbike
motorbike_0087.jpg,motorbike
motorbike_0088.jpg,motorbike
motorbike_0089.jpg,motorbike
motorbike_0090.jpg,motorbike
motorbike_0091.jpg,motorbike
motorbike_0092.jpg,motorbike
motorbike_0093.jpg,motorbike
motorbike_0094.jpg,motorbike
motorbike_0095.jpg,motorbike
motorbike_0096.jpg,motorbike
motorbike_0097.jpg,motorbike
motorbike_0098.jpg,motorbike
motorbike_0099.jpg,motorbike
motorbike_0100.jpg,motorbike
person_0000.jpg,person
person_0001.jpg,person
person_0002.jpg,person
person_0003.jpg,person
person_0004.jpg,person
person_0005.jpg,person
person_0006.jpg,person
person_0007.jpg,person
person_0008.jpg,person
person_0009.jpg,person
person_0010.jpg,person
person_0011.jpg,person
person_0012.jpg,person
person_0013.jpg,person
person_0014.jpg,person
person_0015.jpg,person
person_0016.jpg,person
person_0017.jpg,person
person_0018.jpg,person
person_0019.jpg,person
person_0020.jpg,person
person_0021.jpg,person
person_0022.jpg,person
person_0023.jpg,person
person_0024.jpg,person
person_0025.jpg,person
person_0026.jpg,person
person_0027.jpg,person
person_0028.jpg,person
person_0029.jpg,person
person_0030.jpg,person
person_0031.jpg,person
person_0032.jpg,person
person_0033.jpg,person
person_0034.jpg,person
person_0035.jpg,person
person_0036.jpg,person
person_0037.jpg,person
person_0038.jpg,person
person_0039.jpg,person
person_0040.jpg,person
person_0041.jpg,person
person_0042.jpg,person
person_0043.jpg,person
person_0044.jpg,person
person_0045.jpg,person
person_0046.jpg,person
person_0047.jpg,person
person_0048.jpg,person
person_0049.jpg,person
person_0050.jpg,person
person_0051.jpg,person
person_0052.jpg,person
person_0053.jpg,person
person_0054.jpg,person
person_0055.jpg,person
person_0056.jpg,person
person_0057.jpg,person
person_0058.jpg,person
person_0059.jpg,person
person_0060.jpg,person
person_0061.jpg,person
person_0062.jpg,person
person_0063.jpg,person
person_0064.jpg,person
person_0065.jpg,person
person_0066.jpg,person
person_0067.jpg,person
person_0068.jpg,person
person_0069.jpg,person
person_0070.jpg,person
person_0071.jpg,person
person_0072.jpg,person
person_0073.jpg,person
person_0074.jpg,person
person_0075.jpg,person
person_0076.jpg,person
person_0077.jpg,person
person_0078.jpg,person
person_0079.jpg,person
person_0080.jpg,person
person_0081.jpg,person
person_0082.jpg,person
person_0083.jpg,person
person_0084.jpg,person
person_0085.jpg,person
person_0086.jpg,flower
person_0087.jpg,person
person_0088.jpg,person
person_0089.jpg,person
person_0090.jpg,person
person_0091.jpg,person
person_0092.jpg,person
person_0093.jpg,person
person_0094.jpg,person
person_0095.jpg,person
person_0096.jpg,person
person_0097.jpg,person
person_0098.jpg,person
person_0099.jpg,person
person_0100.jpg,person
